Cluster_SBERT,Reddit,Twitter
0,5.873261205564142,94.12673879443587
1,2.7800490596892886,97.21995094031071
2,23.195876288659793,76.80412371134021
3,95.13742071881607,4.862579281183932
4,5.217391304347826,94.78260869565217
5,3.149606299212598,96.8503937007874
6,1.9305019305019304,98.06949806949807
7,7.6923076923076925,92.3076923076923
