Modality_Type,N,accuracy,macro_f1,kappa
Text+Image,96,0.2916666666666667,0.13842592592592595,0.12540192926045002
Text-only,242,0.34710743801652894,0.23141961269587977,0.21533378480986676
