Social_Media_Type,N,accuracy,macro_f1,kappa
Reddit,80,0.3625,0.1860062893081761,0.2433234421364986
Twitter,258,0.32170542635658916,0.21640246449456976,0.1986866625255126
